"subject","fold","logvar","CSP","FBCSP","bandpower","Hjorth","TS","ACM_TS","Riemannian","MVAR","MDM","CSP_MSVAR"
"B01",1,0.625664944877033,0.667681751599722,0.691349934469201,0.657736489091049,0.639387865237838,0.713514763703647,0.702798550612906,0.692506360342302,0.710045486084342,0.591280548916814,NA
"B02",1,0.571737971478075,0.5593762495002,0.615687058509929,0.628515260562442,0.616453418632547,0.567506330801013,0.571238171398107,0.559409569505531,0.640876982540317,0.567939490870319,NA
"B03",1,0.525956284153005,0.508652094717668,0.560336976320583,0.577261687917426,0.574605343047966,0.508652094717668,0.567471159684274,0.534077109896782,0.516165755919854,0.557301153612629,NA
"B04",1,0.938078261607673,0.931627196333079,0.944550547491724,0.941325014854427,0.944508106272812,0.934873949579832,0.951128936423054,0.954375689669807,0.925070028011205,0.934895170189288,NA
"B05",1,0.65413937506711,0.697170621711586,0.852115322667239,0.769649951680447,0.837726833458606,0.700767744013744,0.798292709116289,0.62189949532911,0.877295178782347,0.740067647374638,NA
"B06",1,0.805830792682927,0.821614583333333,0.825362042682927,0.829427083333333,0.74828506097561,0.80176575203252,0.768610264227642,0.793635670731707,0.735931148373984,0.79785950203252,0.494156504065041
"B07",1,0.688447814451383,0.740187332738626,0.796981861433244,0.680344930121915,0.721156705322629,0.748513232233125,0.762637526018436,0.727475468331847,0.788655961938745,0.74442462087422,NA
"B08",1,0.868195927019456,0.900030282383224,0.775418275418275,0.863691422514952,0.840866076160194,0.867893103187221,0.853168294344765,0.858884094178212,0.861874479521538,0.888636535695359,0.667083049435991
"B09",1,0.817448680351906,0.809984004265529,0.800619834710744,0.808384430818448,0.74306851506265,0.825713143161824,0.857971207677953,0.833677685950413,0.796387629965343,0.771094374833378,NA
